[
    {
        "id": "1",
        "name": "Balance"
      },
      {
        "id": "2",
        "name": "Love"
      },
      {
        "id": "3",
        "name": "Luck"
      },
      {
        "id": "4",
        "name": "Balance"
      },
       {
        "id": "5",
        "name": "Love"
      },
       {
        "id": "6",
        "name": "Balance"
      },
      {
        "id": "7",
        "name": "Love"
      },
      {
        "id": "8",
        "name": "Luck"
      }
]