[
    {
      "id": "1",
      "post_title": "New Horoscope Post Publish For Today February 20, 2022",
      "slug": "Horoscope-For-Today-February-20-2022-2",
      "des": "Need some more blocks/layouts, design tools or inspiration? Check out some of these amazing tools from friends of the site to help kickstart your project! Need some more blocks/layouts, design tools or inspiration? Check out some of these amazing tools from friends of the site to help kickstart your project! tools from friends of the site to help kickstart your project!"
    },
  
    {
      "id": "2",
      "post_title": "Horoscope For Today February 20, 2022",
      "slug": "Horoscope-For-Today-February-20-2022-4",
      "des": "Need some more blocks/layouts, design tools or inspiration? Check out some of these amazing tools from friends of the site to help kickstart your project! Need some more blocks/layouts, design tools or inspiration? Check out some of these amazing tools from friends of the site to help kickstart your project! tools from friends of the site to help kickstart your project!"
    },
  
    {
      "id": "3",
      "post_title": "Horoscope For Today February 20, 2022",
      "slug": "Horoscope-For-Today-February-20-2022-1",
      "des": "Need some more blocks/layouts, design tools or inspiration? Check out some of these amazing tools from friends of the site to help kickstart your project! Need some more blocks/layouts, design tools or inspiration? Check out some of these amazing tools from friends of the site to help kickstart your project! tools from friends of the site to help kickstart your project!"
    },
  
    {
      "id": "4",
      "post_title": "Horoscope For Today February 20, 2022",
      "slug": "Horoscope-For-Today-February-20-2022-1",
      "des": "Need some more blocks/layouts, design tools or inspiration? Check out some of these amazing tools from friends of the site to help kickstart your project! Need some more blocks/layouts, design tools or inspiration? Check out some of these amazing tools from friends of the site to help kickstart your project! tools from friends of the site to help kickstart your project!"
    },
    {
      "id": "5",
      "post_title": "Horoscope For Today February 20, 2022",
      "slug": "Horoscope-For-Today-February-20-2022-2",
      "des": "Need some more blocks/layouts, design tools or inspiration? Check out some of these amazing tools from friends of the site to help kickstart your project! Need some more blocks/layouts, design tools or inspiration? Check out some of these amazing tools from friends of the site to help kickstart your project! tools from friends of the site to help kickstart your project!"
    },
  
    {
      "id": "6",
      "post_title": "Horoscope For Today February 20, 2022",
      "slug": "Horoscope-For-Today-February-20-2022-4",
      "des": "Need some more blocks/layouts, design tools or inspiration? Check out some of these amazing tools from friends of the site to help kickstart your project! Need some more blocks/layouts, design tools or inspiration? Check out some of these amazing tools from friends of the site to help kickstart your project! tools from friends of the site to help kickstart your project!"
    }
  ]
  